{"cameraMode":{"drawMode":0,"name":"Shaded","section":"Shading Mode"},"sceneLighting":true,"audioPlay":false,"sceneViewState":{"showFog":true,"showMaterialUpdate":false,"showSkybox":true,"showFlares":true,"showImageEffects":true,"showParticleSystems":true},"in2DMode":false,"pivot":{"x":-26.303985595703126,"y":223.31442260742188,"z":-317.06036376953127},"rotation":{"x":-0.05133276805281639,"y":0.6309777498245239,"z":-0.04189962148666382,"w":-0.772975504398346},"size":182.98829650878907,"orthographic":false}